""	"Sample"	"Group"	"Genus"	"Abundance"	"platform"
"1"	"NXT032_LIN_006"	"CON"	"Bacteroides"	0	"16s"
"2"	"NXT032_LIN_006"	"CON"	"Clostridium"	3.23978035387431	"16s"
"3"	"NXT032_LIN_006"	"CON"	"Enterobacteriaceae"	0	"16s"
"4"	"NXT032_LIN_006"	"CON"	"Enterococcus"	13.0384380719951	"16s"
"5"	"NXT032_LIN_006"	"CON"	"Residual"	83.1604636973764	"16s"
"6"	"NXT032_LIN_006"	"CON"	"Staphylococcus"	0.250152532031727	"16s"
"7"	"NXT032_LIN_006"	"CON"	"Streptococcus"	0.311165344722392	"16s"
"8"	"NXT032_LIN_007"	"FMT1"	"Bacteroides"	0.00652336997292802	"16s"
"9"	"NXT032_LIN_007"	"FMT1"	"Clostridium"	0.00978505495939202	"16s"
"10"	"NXT032_LIN_007"	"FMT1"	"Enterobacteriaceae"	0.684953847157442	"16s"
"11"	"NXT032_LIN_007"	"FMT1"	"Enterococcus"	89.5560846733423	"16s"
"12"	"NXT032_LIN_007"	"FMT1"	"Residual"	9.1164095371669	"16s"
"13"	"NXT032_LIN_007"	"FMT1"	"Staphylococcus"	0.0619720147428161	"16s"
"14"	"NXT032_LIN_007"	"FMT1"	"Streptococcus"	0.564271502658273	"16s"
"15"	"NXT032_LIN_008"	"FMT2"	"Bacteroides"	0	"16s"
"16"	"NXT032_LIN_008"	"FMT2"	"Clostridium"	0.00863781636002419	"16s"
"17"	"NXT032_LIN_008"	"FMT2"	"Enterobacteriaceae"	0.256975036710719	"16s"
"18"	"NXT032_LIN_008"	"FMT2"	"Enterococcus"	77.2674267945063	"16s"
"19"	"NXT032_LIN_008"	"FMT2"	"Residual"	22.4108145460828	"16s"
"20"	"NXT032_LIN_008"	"FMT2"	"Staphylococcus"	0.00431890818001209	"16s"
"21"	"NXT032_LIN_008"	"FMT2"	"Streptococcus"	0.0518268981601451	"16s"
"22"	"NXT032_LIN_009"	"FMT1"	"Bacteroides"	0.00648704752843489	"16s"
"23"	"NXT032_LIN_009"	"FMT1"	"Clostridium"	0	"16s"
"24"	"NXT032_LIN_009"	"FMT1"	"Enterobacteriaceae"	4.03926826103879	"16s"
"25"	"NXT032_LIN_009"	"FMT1"	"Enterococcus"	86.4226095229858	"16s"
"26"	"NXT032_LIN_009"	"FMT1"	"Residual"	9.41270596375903	"16s"
"27"	"NXT032_LIN_009"	"FMT1"	"Staphylococcus"	0.00216234917614496	"16s"
"28"	"NXT032_LIN_009"	"FMT1"	"Streptococcus"	0.116766855511828	"16s"
"29"	"NXT032_LIN_010"	"CON"	"Bacteroides"	0	"16s"
"30"	"NXT032_LIN_010"	"CON"	"Clostridium"	13.1883445945946	"16s"
"31"	"NXT032_LIN_010"	"CON"	"Enterobacteriaceae"	22.6013513513514	"16s"
"32"	"NXT032_LIN_010"	"CON"	"Enterococcus"	5.55743243243243	"16s"
"33"	"NXT032_LIN_010"	"CON"	"Residual"	18.5853040540541	"16s"
"34"	"NXT032_LIN_010"	"CON"	"Staphylococcus"	4.39611486486486	"16s"
"35"	"NXT032_LIN_010"	"CON"	"Streptococcus"	35.6714527027027	"16s"
"36"	"NXT032_LIN_016"	"CON"	"Bacteroides"	0	"16s"
"37"	"NXT032_LIN_016"	"CON"	"Clostridium"	9.35380329457364	"16s"
"38"	"NXT032_LIN_016"	"CON"	"Enterobacteriaceae"	0.0030281007751938	"16s"
"39"	"NXT032_LIN_016"	"CON"	"Enterococcus"	57.9396802325581	"16s"
"40"	"NXT032_LIN_016"	"CON"	"Residual"	12.4485222868217	"16s"
"41"	"NXT032_LIN_016"	"CON"	"Staphylococcus"	17.3994670542636	"16s"
"42"	"NXT032_LIN_016"	"CON"	"Streptococcus"	2.85549903100775	"16s"
"43"	"NXT032_LIN_017"	"CON"	"Bacteroides"	0	"16s"
"44"	"NXT032_LIN_017"	"CON"	"Clostridium"	0.150627615062762	"16s"
"45"	"NXT032_LIN_017"	"CON"	"Enterobacteriaceae"	0.697350069735007	"16s"
"46"	"NXT032_LIN_017"	"CON"	"Enterococcus"	88.1311018131102	"16s"
"47"	"NXT032_LIN_017"	"CON"	"Residual"	9.28033472803347	"16s"
"48"	"NXT032_LIN_017"	"CON"	"Staphylococcus"	0.680613668061367	"16s"
"49"	"NXT032_LIN_017"	"CON"	"Streptococcus"	1.05997210599721	"16s"
"50"	"NXT032_LIN_018"	"FMT1"	"Bacteroides"	0	"16s"
"51"	"NXT032_LIN_018"	"FMT1"	"Clostridium"	0.974587372281897	"16s"
"52"	"NXT032_LIN_018"	"FMT1"	"Enterobacteriaceae"	6.78281372805869	"16s"
"53"	"NXT032_LIN_018"	"FMT1"	"Enterococcus"	67.4351585014409	"16s"
"54"	"NXT032_LIN_018"	"FMT1"	"Residual"	14.4616190725701	"16s"
"55"	"NXT032_LIN_018"	"FMT1"	"Staphylococcus"	0.0261985852763951	"16s"
"56"	"NXT032_LIN_018"	"FMT1"	"Streptococcus"	10.319622740372	"16s"
"57"	"NXT032_LIN_019"	"FMT2"	"Bacteroides"	0.014420130502181	"16s"
"58"	"NXT032_LIN_019"	"FMT2"	"Clostridium"	0.0108150978766358	"16s"
"59"	"NXT032_LIN_019"	"FMT2"	"Enterobacteriaceae"	16.4245286419842	"16s"
"60"	"NXT032_LIN_019"	"FMT2"	"Enterococcus"	8.94408594397779	"16s"
"61"	"NXT032_LIN_019"	"FMT2"	"Residual"	72.0033166300155	"16s"
"62"	"NXT032_LIN_019"	"FMT2"	"Staphylococcus"	0.0793107177619957	"16s"
"63"	"NXT032_LIN_019"	"FMT2"	"Streptococcus"	2.52352283788168	"16s"
"64"	"NXT032_LIN_020"	"FMT1"	"Bacteroides"	0.484218077474892	"16s"
"65"	"NXT032_LIN_020"	"FMT1"	"Clostridium"	0.0418460066953611	"16s"
"66"	"NXT032_LIN_020"	"FMT1"	"Enterobacteriaceae"	44.9087358520644	"16s"
"67"	"NXT032_LIN_020"	"FMT1"	"Enterococcus"	42.7168021680217	"16s"
"68"	"NXT032_LIN_020"	"FMT1"	"Residual"	10.0729316116691	"16s"
"69"	"NXT032_LIN_020"	"FMT1"	"Staphylococcus"	0.0498166746373346	"16s"
"70"	"NXT032_LIN_020"	"FMT1"	"Streptococcus"	1.72564960943727	"16s"
"71"	"NXT032_LIN_026"	"FMT1"	"Bacteroides"	0	"16s"
"72"	"NXT032_LIN_026"	"FMT1"	"Clostridium"	0.0846596681341009	"16s"
"73"	"NXT032_LIN_026"	"FMT1"	"Enterobacteriaceae"	3.90563268991986	"16s"
"74"	"NXT032_LIN_026"	"FMT1"	"Enterococcus"	54.7183655040072	"16s"
"75"	"NXT032_LIN_026"	"FMT1"	"Residual"	4.96105655265831	"16s"
"76"	"NXT032_LIN_026"	"FMT1"	"Staphylococcus"	1.64804153967716	"16s"
"77"	"NXT032_LIN_026"	"FMT1"	"Streptococcus"	34.6822440456033	"16s"
"78"	"NXT032_LIN_027"	"FMT2"	"Bacteroides"	0.50866966175324	"16s"
"79"	"NXT032_LIN_027"	"FMT2"	"Clostridium"	0.00742583447814948	"16s"
"80"	"NXT032_LIN_027"	"FMT2"	"Enterobacteriaceae"	9.53105855270486	"16s"
"81"	"NXT032_LIN_027"	"FMT2"	"Enterococcus"	62.2916125199569	"16s"
"82"	"NXT032_LIN_027"	"FMT2"	"Residual"	25.1772917981658	"16s"
"83"	"NXT032_LIN_027"	"FMT2"	"Staphylococcus"	0.155942524041139	"16s"
"84"	"NXT032_LIN_027"	"FMT2"	"Streptococcus"	2.32799910889986	"16s"
"85"	"NXT032_LIN_028"	"FMT2"	"Bacteroides"	0.00202786283535782	"16s"
"86"	"NXT032_LIN_028"	"FMT2"	"Clostridium"	0.182507655182203	"16s"
"87"	"NXT032_LIN_028"	"FMT2"	"Enterobacteriaceae"	18.6989232048344	"16s"
"88"	"NXT032_LIN_028"	"FMT2"	"Enterococcus"	1.32622229432401	"16s"
"89"	"NXT032_LIN_028"	"FMT2"	"Residual"	69.3326303408837	"16s"
"90"	"NXT032_LIN_028"	"FMT2"	"Staphylococcus"	0.0304179425303672	"16s"
"91"	"NXT032_LIN_028"	"FMT2"	"Streptococcus"	10.4272706994099	"16s"
"92"	"NXT032_LIN_029"	"CON"	"Bacteroides"	0	"16s"
"93"	"NXT032_LIN_029"	"CON"	"Clostridium"	0.306634945810204	"16s"
"94"	"NXT032_LIN_029"	"CON"	"Enterobacteriaceae"	63.5342320909331	"16s"
"95"	"NXT032_LIN_029"	"CON"	"Enterococcus"	2.79936558287074	"16s"
"96"	"NXT032_LIN_029"	"CON"	"Residual"	4.203013481364	"16s"
"97"	"NXT032_LIN_029"	"CON"	"Staphylococcus"	2.39228125826064	"16s"
"98"	"NXT032_LIN_029"	"CON"	"Streptococcus"	26.7644726407613	"16s"
"99"	"NXT032_LIN_030"	"FMT2"	"Bacteroides"	0	"16s"
"100"	"NXT032_LIN_030"	"FMT2"	"Clostridium"	0.240052614271621	"16s"
"101"	"NXT032_LIN_030"	"FMT2"	"Enterobacteriaceae"	1.23643538309767	"16s"
"102"	"NXT032_LIN_030"	"FMT2"	"Enterococcus"	4.29463992107859	"16s"
"103"	"NXT032_LIN_030"	"FMT2"	"Residual"	7.99408089444262	"16s"
"104"	"NXT032_LIN_030"	"FMT2"	"Staphylococcus"	0.00986517592897073	"16s"
"105"	"NXT032_LIN_030"	"FMT2"	"Streptococcus"	86.2249260111805	"16s"
"106"	"NXT032_LIN_036"	"CON"	"Bacteroides"	0	"16s"
"107"	"NXT032_LIN_036"	"CON"	"Clostridium"	0.0136926278891445	"16s"
"108"	"NXT032_LIN_036"	"CON"	"Enterobacteriaceae"	1.20768977982254	"16s"
"109"	"NXT032_LIN_036"	"CON"	"Enterococcus"	72.0752546828787	"16s"
"110"	"NXT032_LIN_036"	"CON"	"Residual"	6.12608171760324	"16s"
"111"	"NXT032_LIN_036"	"CON"	"Staphylococcus"	17.0500602475627	"16s"
"112"	"NXT032_LIN_036"	"CON"	"Streptococcus"	3.52722094424362	"16s"
"113"	"NXT032_LIN_037"	"FMT1"	"Bacteroides"	0.367233960919729	"16s"
"114"	"NXT032_LIN_037"	"FMT1"	"Clostridium"	3.0776398366631	"16s"
"115"	"NXT032_LIN_037"	"FMT1"	"Enterobacteriaceae"	30.5489325550166	"16s"
"116"	"NXT032_LIN_037"	"FMT1"	"Enterococcus"	33.9992874564937	"16s"
"117"	"NXT032_LIN_037"	"FMT1"	"Residual"	14.2179835018773	"16s"
"118"	"NXT032_LIN_037"	"FMT1"	"Staphylococcus"	3.18726191454959	"16s"
"119"	"NXT032_LIN_037"	"FMT1"	"Streptococcus"	14.60166077448	"16s"
"120"	"NXT032_LIN_038"	"FMT1"	"Bacteroides"	0	"16s"
"121"	"NXT032_LIN_038"	"FMT1"	"Clostridium"	0.00933140484299911	"16s"
"122"	"NXT032_LIN_038"	"FMT1"	"Enterobacteriaceae"	0.0326599169504969	"16s"
"123"	"NXT032_LIN_038"	"FMT1"	"Enterococcus"	90.0317267764662	"16s"
"124"	"NXT032_LIN_038"	"FMT1"	"Residual"	9.53436289833434	"16s"
"125"	"NXT032_LIN_038"	"FMT1"	"Staphylococcus"	0	"16s"
"126"	"NXT032_LIN_038"	"FMT1"	"Streptococcus"	0.391919003405963	"16s"
"127"	"NXT032_LIN_039"	"FMT1"	"Bacteroides"	0	"16s"
"128"	"NXT032_LIN_039"	"FMT1"	"Clostridium"	0.272536687631027	"16s"
"129"	"NXT032_LIN_039"	"FMT1"	"Enterobacteriaceae"	31.3267445342917	"16s"
"130"	"NXT032_LIN_039"	"FMT1"	"Enterococcus"	11.7759808325846	"16s"
"131"	"NXT032_LIN_039"	"FMT1"	"Residual"	21.7160826594789	"16s"
"132"	"NXT032_LIN_039"	"FMT1"	"Staphylococcus"	0.0119796346211441	"16s"
"133"	"NXT032_LIN_039"	"FMT1"	"Streptococcus"	34.8966756513926	"16s"
"134"	"NXT032_LIN_040"	"FMT1"	"Bacteroides"	2.39085831528554	"16s"
"135"	"NXT032_LIN_040"	"FMT1"	"Clostridium"	0.464493331813519	"16s"
"136"	"NXT032_LIN_040"	"FMT1"	"Enterobacteriaceae"	27.0688476005927	"16s"
"137"	"NXT032_LIN_040"	"FMT1"	"Enterococcus"	2.80120825259318	"16s"
"138"	"NXT032_LIN_040"	"FMT1"	"Residual"	38.5272996694403	"16s"
"139"	"NXT032_LIN_040"	"FMT1"	"Staphylococcus"	0.088339222614841	"16s"
"140"	"NXT032_LIN_040"	"FMT1"	"Streptococcus"	28.6589536076599	"16s"
"141"	"NXT032_LIN_046"	"FMT2"	"Bacteroides"	0.00248108175164372	"16s"
"142"	"NXT032_LIN_046"	"FMT2"	"Clostridium"	0.138940578092048	"16s"
"143"	"NXT032_LIN_046"	"FMT2"	"Enterobacteriaceae"	44.3195633296117	"16s"
"144"	"NXT032_LIN_046"	"FMT2"	"Enterococcus"	1.16610842327255	"16s"
"145"	"NXT032_LIN_046"	"FMT2"	"Residual"	2.10395732539387	"16s"
"146"	"NXT032_LIN_046"	"FMT2"	"Staphylococcus"	1.0668651532068	"16s"
"147"	"NXT032_LIN_046"	"FMT2"	"Streptococcus"	51.2020841086714	"16s"
"148"	"NXT032_LIN_047"	"CON"	"Bacteroides"	0.00287505031338048	"16s"
"149"	"NXT032_LIN_047"	"CON"	"Clostridium"	1.50077626358461	"16s"
"150"	"NXT032_LIN_047"	"CON"	"Enterobacteriaceae"	1.15289517566557	"16s"
"151"	"NXT032_LIN_047"	"CON"	"Enterococcus"	94.9140359956299	"16s"
"152"	"NXT032_LIN_047"	"CON"	"Residual"	1.46052555919729	"16s"
"153"	"NXT032_LIN_047"	"CON"	"Staphylococcus"	0.163877867862688	"16s"
"154"	"NXT032_LIN_047"	"CON"	"Streptococcus"	0.805014087746536	"16s"
"155"	"NXT032_LIN_048"	"FMT2"	"Bacteroides"	0.186646583057729	"16s"
"156"	"NXT032_LIN_048"	"FMT2"	"Clostridium"	0	"16s"
"157"	"NXT032_LIN_048"	"FMT2"	"Enterobacteriaceae"	1.36219260617571	"16s"
"158"	"NXT032_LIN_048"	"FMT2"	"Enterococcus"	49.6119715773274	"16s"
"159"	"NXT032_LIN_048"	"FMT2"	"Residual"	48.0664068895511	"16s"
"160"	"NXT032_LIN_048"	"FMT2"	"Staphylococcus"	0.235764104915027	"16s"
"161"	"NXT032_LIN_048"	"FMT2"	"Streptococcus"	0.537018238973116	"16s"
"162"	"NXT032_LIN_049"	"FMT2"	"Bacteroides"	0.273322304538589	"16s"
"163"	"NXT032_LIN_049"	"FMT2"	"Clostridium"	0.110287947445395	"16s"
"164"	"NXT032_LIN_049"	"FMT2"	"Enterobacteriaceae"	11.0863362823371	"16s"
"165"	"NXT032_LIN_049"	"FMT2"	"Enterococcus"	45.2899853748591	"16s"
"166"	"NXT032_LIN_049"	"FMT2"	"Residual"	22.8320026852718	"16s"
"167"	"NXT032_LIN_049"	"FMT2"	"Staphylococcus"	0.316478457886787	"16s"
"168"	"NXT032_LIN_049"	"FMT2"	"Streptococcus"	20.0915869476612	"16s"
"169"	"NXT032_LIN_050"	"FMT2"	"Bacteroides"	0.279218189070602	"16s"
"170"	"NXT032_LIN_050"	"FMT2"	"Clostridium"	0.654168328679697	"16s"
"171"	"NXT032_LIN_050"	"FMT2"	"Enterobacteriaceae"	25.4048663741524	"16s"
"172"	"NXT032_LIN_050"	"FMT2"	"Enterococcus"	1.61547666533706	"16s"
"173"	"NXT032_LIN_050"	"FMT2"	"Residual"	36.4938173115277	"16s"
"174"	"NXT032_LIN_050"	"FMT2"	"Staphylococcus"	0.0478659752692461	"16s"
"175"	"NXT032_LIN_050"	"FMT2"	"Streptococcus"	35.5045871559633	"16s"
"176"	"NXT032_LIN_055"	"DONOR2"	"Bacteroides"	0.478914096494349	"16s"
"177"	"NXT032_LIN_055"	"DONOR2"	"Clostridium"	8.94611532251444	"16s"
"178"	"NXT032_LIN_055"	"DONOR2"	"Enterobacteriaceae"	3.71911004077611	"16s"
"179"	"NXT032_LIN_055"	"DONOR2"	"Enterococcus"	0.0109466079198708	"16s"
"180"	"NXT032_LIN_055"	"DONOR2"	"Residual"	84.4366601899236	"16s"
"181"	"NXT032_LIN_055"	"DONOR2"	"Staphylococcus"	0	"16s"
"182"	"NXT032_LIN_055"	"DONOR2"	"Streptococcus"	2.40825374237158	"16s"
"183"	"NXT032_LIN_056"	"FMT1"	"Bacteroides"	0.0359849762724063	"16s"
"184"	"NXT032_LIN_056"	"FMT1"	"Clostridium"	0.00899624406810157	"16s"
"185"	"NXT032_LIN_056"	"FMT1"	"Enterobacteriaceae"	0.638733328835211	"16s"
"186"	"NXT032_LIN_056"	"FMT1"	"Enterococcus"	72.5344668600859	"16s"
"187"	"NXT032_LIN_056"	"FMT1"	"Residual"	26.7008523941255	"16s"
"188"	"NXT032_LIN_056"	"FMT1"	"Staphylococcus"	0	"16s"
"189"	"NXT032_LIN_056"	"FMT1"	"Streptococcus"	0.0809661966129141	"16s"
"190"	"NXT032_LIN_057"	"FMT2"	"Bacteroides"	0.00790857685159555	"16s"
"191"	"NXT032_LIN_057"	"FMT2"	"Clostridium"	0.268891612954249	"16s"
"192"	"NXT032_LIN_057"	"FMT2"	"Enterobacteriaceae"	13.3852663213255	"16s"
"193"	"NXT032_LIN_057"	"FMT2"	"Enterococcus"	1.36027521847444	"16s"
"194"	"NXT032_LIN_057"	"FMT2"	"Residual"	69.6587449088536	"16s"
"195"	"NXT032_LIN_057"	"FMT2"	"Staphylococcus"	0.1779429791609	"16s"
"196"	"NXT032_LIN_057"	"FMT2"	"Streptococcus"	15.1409703823797	"16s"
"197"	"NXT032_LIN_058"	"FMT1"	"Bacteroides"	0.00210216523018709	"16s"
"198"	"NXT032_LIN_058"	"FMT1"	"Clostridium"	0.0504519655244902	"16s"
"199"	"NXT032_LIN_058"	"FMT1"	"Enterobacteriaceae"	0.0819844439772966	"16s"
"200"	"NXT032_LIN_058"	"FMT1"	"Enterococcus"	97.1620769392474	"16s"
"201"	"NXT032_LIN_058"	"FMT1"	"Residual"	2.58145890266975	"16s"
"202"	"NXT032_LIN_058"	"FMT1"	"Staphylococcus"	0.0126129913811226	"16s"
"203"	"NXT032_LIN_058"	"FMT1"	"Streptococcus"	0.109312591969729	"16s"
"204"	"NXT032_LIN_059"	"CON"	"Bacteroides"	0	"16s"
"205"	"NXT032_LIN_059"	"CON"	"Clostridium"	0.147710487444609	"16s"
"206"	"NXT032_LIN_059"	"CON"	"Enterobacteriaceae"	24.4243635415762	"16s"
"207"	"NXT032_LIN_059"	"CON"	"Enterococcus"	73.2586092043908	"16s"
"208"	"NXT032_LIN_059"	"CON"	"Residual"	1.1700987632867	"16s"
"209"	"NXT032_LIN_059"	"CON"	"Staphylococcus"	0.112955078634112	"16s"
"210"	"NXT032_LIN_059"	"CON"	"Streptococcus"	0.886262924667651	"16s"
"211"	"NXT032_LIN_060"	"CON"	"Bacteroides"	0	"16s"
"212"	"NXT032_LIN_060"	"CON"	"Clostridium"	0.0178237233758132	"16s"
"213"	"NXT032_LIN_060"	"CON"	"Enterobacteriaceae"	2.13884680509759	"16s"
"214"	"NXT032_LIN_060"	"CON"	"Enterococcus"	50.6015506639337	"16s"
"215"	"NXT032_LIN_060"	"CON"	"Residual"	34.6314945192051	"16s"
"216"	"NXT032_LIN_060"	"CON"	"Staphylococcus"	11.3804473754567	"16s"
"217"	"NXT032_LIN_060"	"CON"	"Streptococcus"	1.22983691293111	"16s"
"218"	"NXT032_LIN_065"	"DONOR2"	"Bacteroides"	1.89954034446475	"16s"
"219"	"NXT032_LIN_065"	"DONOR2"	"Clostridium"	7.57416329770541	"16s"
"220"	"NXT032_LIN_065"	"DONOR2"	"Enterobacteriaceae"	2.9185357479094	"16s"
"221"	"NXT032_LIN_065"	"DONOR2"	"Enterococcus"	0.00738402466264237	"16s"
"222"	"NXT032_LIN_065"	"DONOR2"	"Residual"	84.9679717930258	"16s"
"223"	"NXT032_LIN_065"	"DONOR2"	"Staphylococcus"	0.00184600616566059	"16s"
"224"	"NXT032_LIN_065"	"DONOR2"	"Streptococcus"	2.63055878606635	"16s"
"225"	"NXT032_LIN_066"	"CON"	"Bacteroides"	0	"16s"
"226"	"NXT032_LIN_066"	"CON"	"Clostridium"	0.124748916375938	"16s"
"227"	"NXT032_LIN_066"	"CON"	"Enterobacteriaceae"	1.35743736124326	"16s"
"228"	"NXT032_LIN_066"	"CON"	"Enterococcus"	97.4944497304155	"16s"
"229"	"NXT032_LIN_066"	"CON"	"Residual"	0.317158261972724	"16s"
"230"	"NXT032_LIN_066"	"CON"	"Staphylococcus"	0.668146738555873	"16s"
"231"	"NXT032_LIN_066"	"CON"	"Streptococcus"	0.0380589914367269	"16s"
"232"	"NXT032_LIN_067"	"FMT1"	"Bacteroides"	0	"16s"
"233"	"NXT032_LIN_067"	"FMT1"	"Clostridium"	0.00280709633954637	"16s"
"234"	"NXT032_LIN_067"	"FMT1"	"Enterobacteriaceae"	0.884235346957108	"16s"
"235"	"NXT032_LIN_067"	"FMT1"	"Enterococcus"	51.7993487536492	"16s"
"236"	"NXT032_LIN_067"	"FMT1"	"Residual"	7.22827307433191	"16s"
"237"	"NXT032_LIN_067"	"FMT1"	"Staphylococcus"	8.79743992813833	"16s"
"238"	"NXT032_LIN_067"	"FMT1"	"Streptococcus"	31.2878958005839	"16s"
"239"	"NXT032_LIN_068"	"FMT2"	"Bacteroides"	0.00602427783969397	"16s"
"240"	"NXT032_LIN_068"	"FMT2"	"Clostridium"	0.584354950450315	"16s"
"241"	"NXT032_LIN_068"	"FMT2"	"Enterobacteriaceae"	14.7293593180517	"16s"
"242"	"NXT032_LIN_068"	"FMT2"	"Enterococcus"	7.92493749811741	"16s"
"243"	"NXT032_LIN_068"	"FMT2"	"Residual"	64.2278381878972	"16s"
"244"	"NXT032_LIN_068"	"FMT2"	"Staphylococcus"	0.0542185005572457	"16s"
"245"	"NXT032_LIN_068"	"FMT2"	"Streptococcus"	12.4732672670864	"16s"
"246"	"NXT032_LIN_069"	"FMT1"	"Bacteroides"	0.12592064623426	"16s"
"247"	"NXT032_LIN_069"	"FMT1"	"Clostridium"	0.541696364932288	"16s"
"248"	"NXT032_LIN_069"	"FMT1"	"Enterobacteriaceae"	9.92872416250891	"16s"
"249"	"NXT032_LIN_069"	"FMT1"	"Enterococcus"	4.44761225944405	"16s"
"250"	"NXT032_LIN_069"	"FMT1"	"Residual"	53.7514849132811	"16s"
"251"	"NXT032_LIN_069"	"FMT1"	"Staphylococcus"	0.639106676170112	"16s"
"252"	"NXT032_LIN_069"	"FMT1"	"Streptococcus"	30.5654549774293	"16s"
"253"	"NXT032_LIN_070"	"DONOR1"	"Bacteroides"	0.226244343891403	"16s"
"254"	"NXT032_LIN_070"	"DONOR1"	"Clostridium"	19.3383732479859	"16s"
"255"	"NXT032_LIN_070"	"DONOR1"	"Enterobacteriaceae"	1.16157157046684	"16s"
"256"	"NXT032_LIN_070"	"DONOR1"	"Enterococcus"	0.0082772320935879	"16s"
"257"	"NXT032_LIN_070"	"DONOR1"	"Residual"	76.6168193356142	"16s"
"258"	"NXT032_LIN_070"	"DONOR1"	"Staphylococcus"	0.0110363094581172	"16s"
"259"	"NXT032_LIN_070"	"DONOR1"	"Streptococcus"	2.63767796049001	"16s"
"260"	"NXT032_LIN_076"	"FMT2"	"Bacteroides"	12.3379799461971	"16s"
"261"	"NXT032_LIN_076"	"FMT2"	"Clostridium"	0.391293714844705	"16s"
"262"	"NXT032_LIN_076"	"FMT2"	"Enterobacteriaceae"	16.4269992663243	"16s"
"263"	"NXT032_LIN_076"	"FMT2"	"Enterococcus"	39.356810956224	"16s"
"264"	"NXT032_LIN_076"	"FMT2"	"Residual"	21.763267302519	"16s"
"265"	"NXT032_LIN_076"	"FMT2"	"Staphylococcus"	0.0807043286867205	"16s"
"266"	"NXT032_LIN_076"	"FMT2"	"Streptococcus"	9.64294448520421	"16s"
"267"	"NXT032_LIN_077"	"CON"	"Bacteroides"	0	"16s"
"268"	"NXT032_LIN_077"	"CON"	"Clostridium"	3.80250244197405	"16s"
"269"	"NXT032_LIN_077"	"CON"	"Enterobacteriaceae"	39.3715986790083	"16s"
"270"	"NXT032_LIN_077"	"CON"	"Enterococcus"	35.8365505372343	"16s"
"271"	"NXT032_LIN_077"	"CON"	"Residual"	14.1425182566631	"16s"
"272"	"NXT032_LIN_077"	"CON"	"Staphylococcus"	0.634913251779153	"16s"
"273"	"NXT032_LIN_077"	"CON"	"Streptococcus"	6.21191683334109	"16s"
"274"	"NXT032_LIN_078"	"CON"	"Bacteroides"	0.00248015873015873	"16s"
"275"	"NXT032_LIN_078"	"CON"	"Clostridium"	0.758928571428571	"16s"
"276"	"NXT032_LIN_078"	"CON"	"Enterobacteriaceae"	52.5744047619048	"16s"
"277"	"NXT032_LIN_078"	"CON"	"Enterococcus"	43.5615079365079	"16s"
"278"	"NXT032_LIN_078"	"CON"	"Residual"	2.1031746031746	"16s"
"279"	"NXT032_LIN_078"	"CON"	"Staphylococcus"	0.875496031746032	"16s"
"280"	"NXT032_LIN_078"	"CON"	"Streptococcus"	0.124007936507937	"16s"
"281"	"NXT032_LIN_079"	"FMT2"	"Bacteroides"	0.00326797385620915	"16s"
"282"	"NXT032_LIN_079"	"FMT2"	"Clostridium"	0.218954248366013	"16s"
"283"	"NXT032_LIN_079"	"FMT2"	"Enterobacteriaceae"	14.7941176470588	"16s"
"284"	"NXT032_LIN_079"	"FMT2"	"Enterococcus"	0.862745098039216	"16s"
"285"	"NXT032_LIN_079"	"FMT2"	"Residual"	62.6241830065359	"16s"
"286"	"NXT032_LIN_079"	"FMT2"	"Staphylococcus"	0.0359477124183007	"16s"
"287"	"NXT032_LIN_079"	"FMT2"	"Streptococcus"	21.4607843137255	"16s"
"288"	"NXT032_LIN_080"	"DONOR1"	"Bacteroides"	0.83984537945994	"16s"
"289"	"NXT032_LIN_080"	"DONOR1"	"Clostridium"	14.7139798103396	"16s"
"290"	"NXT032_LIN_080"	"DONOR1"	"Enterobacteriaceae"	2.04121360438277	"16s"
"291"	"NXT032_LIN_080"	"DONOR1"	"Enterococcus"	0.00278094496509914	"16s"
"292"	"NXT032_LIN_080"	"DONOR1"	"Residual"	79.5183403320448	"16s"
"293"	"NXT032_LIN_080"	"DONOR1"	"Staphylococcus"	0.0139047248254957	"16s"
"294"	"NXT032_LIN_080"	"DONOR1"	"Streptococcus"	2.86993520398231	"16s"
"295"	"17119-05-01-243200068"	"CON"	"Bacteroides"	0.0241179042438249	"Shotgun"
"296"	"17119-05-01-243200068"	"CON"	"Clostridium"	3.44021811862114	"Shotgun"
"297"	"17119-05-01-243200068"	"CON"	"Enterobacteriaceae"	0.246218495668513	"Shotgun"
"298"	"17119-05-01-243200068"	"CON"	"Enterococcus"	17.9151905967157	"Shotgun"
"299"	"17119-05-01-243200068"	"CON"	"Residual"	76.2282865020324	"Shotgun"
"300"	"17119-05-01-243200068"	"CON"	"Staphylococcus"	0.400188013175508	"Shotgun"
"301"	"17119-05-01-243200068"	"CON"	"Streptococcus"	1.74538654830637	"Shotgun"
"302"	"17119-05-01-243200068"	"CON"	"Subdoligranulum"	0.00039382123651846	"Shotgun"
"303"	"17119-05-02-243200066"	"CON"	"Bacteroides"	0.0793455331767288	"Shotgun"
"304"	"17119-05-02-243200066"	"CON"	"Clostridium"	5.68818543715914	"Shotgun"
"305"	"17119-05-02-243200066"	"CON"	"Enterobacteriaceae"	1.80016797250794	"Shotgun"
"306"	"17119-05-02-243200066"	"CON"	"Enterococcus"	62.9605510672471	"Shotgun"
"307"	"17119-05-02-243200066"	"CON"	"Residual"	14.0979485639775	"Shotgun"
"308"	"17119-05-02-243200066"	"CON"	"Staphylococcus"	9.94204279348944	"Shotgun"
"309"	"17119-05-02-243200066"	"CON"	"Streptococcus"	5.43076573404008	"Shotgun"
"310"	"17119-05-02-243200066"	"CON"	"Subdoligranulum"	0.0009928984021027	"Shotgun"
"311"	"17119-05-03-243200095"	"FMT1"	"Bacteroides"	0.0356033440127284	"Shotgun"
"312"	"17119-05-03-243200095"	"FMT1"	"Clostridium"	0.0799989772481124	"Shotgun"
"313"	"17119-05-03-243200095"	"FMT1"	"Enterobacteriaceae"	7.66909538077969	"Shotgun"
"314"	"17119-05-03-243200095"	"FMT1"	"Enterococcus"	46.1630280981784	"Shotgun"
"315"	"17119-05-03-243200095"	"FMT1"	"Residual"	9.17096069689928	"Shotgun"
"316"	"17119-05-03-243200095"	"FMT1"	"Staphylococcus"	0.633563436427045	"Shotgun"
"317"	"17119-05-03-243200095"	"FMT1"	"Streptococcus"	36.2472796970725	"Shotgun"
"318"	"17119-05-03-243200095"	"FMT1"	"Subdoligranulum"	0.000470369382281981	"Shotgun"
"319"	"17119-05-04-243200101"	"CON"	"Bacteroides"	0.016336812209174	"Shotgun"
"320"	"17119-05-04-243200101"	"CON"	"Clostridium"	0.023966668158158	"Shotgun"
"321"	"17119-05-04-243200101"	"CON"	"Enterobacteriaceae"	0.97038197156142	"Shotgun"
"322"	"17119-05-04-243200101"	"CON"	"Enterococcus"	86.3641615417016	"Shotgun"
"323"	"17119-05-04-243200101"	"CON"	"Residual"	1.3162830093879	"Shotgun"
"324"	"17119-05-04-243200101"	"CON"	"Staphylococcus"	7.03273431214073	"Shotgun"
"325"	"17119-05-04-243200101"	"CON"	"Streptococcus"	4.27599333678227	"Shotgun"
"326"	"17119-05-04-243200101"	"CON"	"Subdoligranulum"	0.000142348058749701	"Shotgun"
"327"	"17119-05-05-243200087"	"FMT2"	"Bacteroides"	0.0457793175551472	"Shotgun"
"328"	"17119-05-05-243200087"	"FMT2"	"Clostridium"	0.0949332501774052	"Shotgun"
"329"	"17119-05-05-243200087"	"FMT2"	"Enterobacteriaceae"	37.4330635269383	"Shotgun"
"330"	"17119-05-05-243200087"	"FMT2"	"Enterococcus"	2.05330737332459	"Shotgun"
"331"	"17119-05-05-243200087"	"FMT2"	"Residual"	9.05085081848054	"Shotgun"
"332"	"17119-05-05-243200087"	"FMT2"	"Staphylococcus"	0.462633084002986	"Shotgun"
"333"	"17119-05-05-243200087"	"FMT2"	"Streptococcus"	50.8579990524436	"Shotgun"
"334"	"17119-05-05-243200087"	"FMT2"	"Subdoligranulum"	0.00143357707738164	"Shotgun"
"335"	"17119-05-06-243200069"	"FMT1"	"Bacteroides"	0.323119078210641	"Shotgun"
"336"	"17119-05-06-243200069"	"FMT1"	"Clostridium"	0.0401877685575106	"Shotgun"
"337"	"17119-05-06-243200069"	"FMT1"	"Enterobacteriaceae"	0.251971029516754	"Shotgun"
"338"	"17119-05-06-243200069"	"FMT1"	"Enterococcus"	85.4537546003614	"Shotgun"
"339"	"17119-05-06-243200069"	"FMT1"	"Residual"	13.5460063766058	"Shotgun"
"340"	"17119-05-06-243200069"	"FMT1"	"Staphylococcus"	0.175033430415051	"Shotgun"
"341"	"17119-05-06-243200069"	"FMT1"	"Streptococcus"	0.208794295672779	"Shotgun"
"342"	"17119-05-06-243200069"	"FMT1"	"Subdoligranulum"	0.00113342066009854	"Shotgun"
"343"	"17119-05-07-243200099"	"CON"	"Bacteroides"	0.0105854732393665	"Shotgun"
"344"	"17119-05-07-243200099"	"CON"	"Clostridium"	0.0792920039316057	"Shotgun"
"345"	"17119-05-07-243200099"	"CON"	"Enterobacteriaceae"	0.62974899304912	"Shotgun"
"346"	"17119-05-07-243200099"	"CON"	"Enterococcus"	97.983801626003	"Shotgun"
"347"	"17119-05-07-243200099"	"CON"	"Residual"	0.727686286686557	"Shotgun"
"348"	"17119-05-07-243200099"	"CON"	"Staphylococcus"	0.312692403356796	"Shotgun"
"349"	"17119-05-07-243200099"	"CON"	"Streptococcus"	0.253704698972045	"Shotgun"
"350"	"17119-05-07-243200099"	"CON"	"Subdoligranulum"	0.00248851476153529	"Shotgun"
"351"	"17119-05-08-243200071"	"FMT2"	"Bacteroides"	26.6042761697782	"Shotgun"
"352"	"17119-05-08-243200071"	"FMT2"	"Clostridium"	0.501003264779433	"Shotgun"
"353"	"17119-05-08-243200071"	"FMT2"	"Enterobacteriaceae"	8.10009726423126	"Shotgun"
"354"	"17119-05-08-243200071"	"FMT2"	"Enterococcus"	40.4709553481987	"Shotgun"
"355"	"17119-05-08-243200071"	"FMT2"	"Residual"	16.7787393367113	"Shotgun"
"356"	"17119-05-08-243200071"	"FMT2"	"Staphylococcus"	0.131555330249661	"Shotgun"
"357"	"17119-05-08-243200071"	"FMT2"	"Streptococcus"	7.0791715076441	"Shotgun"
"358"	"17119-05-08-243200071"	"FMT2"	"Subdoligranulum"	0.334201778407341	"Shotgun"
"359"	"17119-05-09-243200070"	"FMT1"	"Bacteroides"	0.0147022717924178	"Shotgun"
"360"	"17119-05-09-243200070"	"FMT1"	"Clostridium"	0.0204783981714434	"Shotgun"
"361"	"17119-05-09-243200070"	"FMT1"	"Enterobacteriaceae"	0.640134949173035	"Shotgun"
"362"	"17119-05-09-243200070"	"FMT1"	"Enterococcus"	94.978777974674	"Shotgun"
"363"	"17119-05-09-243200070"	"FMT1"	"Residual"	3.53087663719947	"Shotgun"
"364"	"17119-05-09-243200070"	"FMT1"	"Staphylococcus"	0.17913850450325	"Shotgun"
"365"	"17119-05-09-243200070"	"FMT1"	"Streptococcus"	0.63129393940922	"Shotgun"
"366"	"17119-05-09-243200070"	"FMT1"	"Subdoligranulum"	0.00459732507718365	"Shotgun"
"367"	"17119-05-10-243200096"	"CON"	"Bacteroides"	0.00340331610446968	"Shotgun"
"368"	"17119-05-10-243200096"	"CON"	"Clostridium"	0.0240577715785399	"Shotgun"
"369"	"17119-05-10-243200096"	"CON"	"Enterobacteriaceae"	0.6573976386297	"Shotgun"
"370"	"17119-05-10-243200096"	"CON"	"Enterococcus"	95.3254855843894	"Shotgun"
"371"	"17119-05-10-243200096"	"CON"	"Residual"	3.02214470076907	"Shotgun"
"372"	"17119-05-10-243200096"	"CON"	"Staphylococcus"	0.316234008120781	"Shotgun"
"373"	"17119-05-10-243200096"	"CON"	"Streptococcus"	0.648444571686472	"Shotgun"
"374"	"17119-05-10-243200096"	"CON"	"Subdoligranulum"	0.00283240872153523	"Shotgun"
"375"	"17119-05-11-243200091"	"FMT2"	"Bacteroides"	1.46258923010094	"Shotgun"
"376"	"17119-05-11-243200091"	"FMT2"	"Clostridium"	0.0256483735743997	"Shotgun"
"377"	"17119-05-11-243200091"	"FMT2"	"Enterobacteriaceae"	4.93460328729631	"Shotgun"
"378"	"17119-05-11-243200091"	"FMT2"	"Enterococcus"	72.0246489982755	"Shotgun"
"379"	"17119-05-11-243200091"	"FMT2"	"Residual"	19.5107557858124	"Shotgun"
"380"	"17119-05-11-243200091"	"FMT2"	"Staphylococcus"	0.191064584720273	"Shotgun"
"381"	"17119-05-11-243200091"	"FMT2"	"Streptococcus"	1.84623413095608	"Shotgun"
"382"	"17119-05-11-243200091"	"FMT2"	"Subdoligranulum"	0.0044556092640405	"Shotgun"
"383"	"17119-05-12-243200081"	"FMT1"	"Bacteroides"	1.43502902293674	"Shotgun"
"384"	"17119-05-12-243200081"	"FMT1"	"Clostridium"	2.6700409254774	"Shotgun"
"385"	"17119-05-12-243200081"	"FMT1"	"Enterobacteriaceae"	21.0475218226667	"Shotgun"
"386"	"17119-05-12-243200081"	"FMT1"	"Enterococcus"	48.7320478433737	"Shotgun"
"387"	"17119-05-12-243200081"	"FMT1"	"Residual"	7.5861715194722	"Shotgun"
"388"	"17119-05-12-243200081"	"FMT1"	"Staphylococcus"	1.97654409101931	"Shotgun"
"389"	"17119-05-12-243200081"	"FMT1"	"Streptococcus"	16.5422243646429	"Shotgun"
"390"	"17119-05-12-243200081"	"FMT1"	"Subdoligranulum"	0.0104204104111657	"Shotgun"
"391"	"17119-05-13-243200076"	"CON"	"Bacteroides"	0.00801818772328678	"Shotgun"
"392"	"17119-05-13-243200076"	"CON"	"Clostridium"	0.0898993179603767	"Shotgun"
"393"	"17119-05-13-243200076"	"CON"	"Enterobacteriaceae"	0.563512828840533	"Shotgun"
"394"	"17119-05-13-243200076"	"CON"	"Enterococcus"	97.687321857746	"Shotgun"
"395"	"17119-05-13-243200076"	"CON"	"Residual"	0.901903215329652	"Shotgun"
"396"	"17119-05-13-243200076"	"CON"	"Staphylococcus"	0.193990256576811	"Shotgun"
"397"	"17119-05-13-243200076"	"CON"	"Streptococcus"	0.548229944787269	"Shotgun"
"398"	"17119-05-13-243200076"	"CON"	"Subdoligranulum"	0.00712439103605067	"Shotgun"
"399"	"17119-05-14-243200089"	"FMT2"	"Bacteroides"	0.0262381464713324	"Shotgun"
"400"	"17119-05-14-243200089"	"FMT2"	"Clostridium"	0.970261412606523	"Shotgun"
"401"	"17119-05-14-243200089"	"FMT2"	"Enterobacteriaceae"	8.74826060339134	"Shotgun"
"402"	"17119-05-14-243200089"	"FMT2"	"Enterococcus"	1.60516673598163	"Shotgun"
"403"	"17119-05-14-243200089"	"FMT2"	"Residual"	57.8690394243487	"Shotgun"
"404"	"17119-05-14-243200089"	"FMT2"	"Staphylococcus"	0.199638377558819	"Shotgun"
"405"	"17119-05-14-243200089"	"FMT2"	"Streptococcus"	21.1711662161547	"Shotgun"
"406"	"17119-05-14-243200089"	"FMT2"	"Subdoligranulum"	9.41022908348695	"Shotgun"
"407"	"17119-05-15-243200093"	"FMT1"	"Bacteroides"	0.00344335717594455	"Shotgun"
"408"	"17119-05-15-243200093"	"FMT1"	"Clostridium"	0.0218976733438668	"Shotgun"
"409"	"17119-05-15-243200093"	"FMT1"	"Enterobacteriaceae"	0.762545380637157	"Shotgun"
"410"	"17119-05-15-243200093"	"FMT1"	"Enterococcus"	62.4974334235864	"Shotgun"
"411"	"17119-05-15-243200093"	"FMT1"	"Residual"	2.15854094990085	"Shotgun"
"412"	"17119-05-15-243200093"	"FMT1"	"Staphylococcus"	3.33171966311403	"Shotgun"
"413"	"17119-05-15-243200093"	"FMT1"	"Streptococcus"	31.2180004542964	"Shotgun"
"414"	"17119-05-15-243200093"	"FMT1"	"Subdoligranulum"	0.00641909794527934	"Shotgun"
"415"	"17119-05-16-243200072"	"CON"	"Bacteroides"	0.0168322179089362	"Shotgun"
"416"	"17119-05-16-243200072"	"CON"	"Clostridium"	3.26558075664299	"Shotgun"
"417"	"17119-05-16-243200072"	"CON"	"Enterobacteriaceae"	49.0795832264556	"Shotgun"
"418"	"17119-05-16-243200072"	"CON"	"Enterococcus"	26.6132479341117	"Shotgun"
"419"	"17119-05-16-243200072"	"CON"	"Residual"	9.91710132679849	"Shotgun"
"420"	"17119-05-16-243200072"	"CON"	"Staphylococcus"	0.513328278593649	"Shotgun"
"421"	"17119-05-16-243200072"	"CON"	"Streptococcus"	10.5906510077747	"Shotgun"
"422"	"17119-05-16-243200072"	"CON"	"Subdoligranulum"	0.00367525171396669	"Shotgun"
"423"	"17119-05-17-243200086"	"FMT2"	"Bacteroides"	0.00962742991126944	"Shotgun"
"424"	"17119-05-17-243200086"	"FMT2"	"Clostridium"	0.0310263443951289	"Shotgun"
"425"	"17119-05-17-243200086"	"FMT2"	"Enterobacteriaceae"	4.06446152379422	"Shotgun"
"426"	"17119-05-17-243200086"	"FMT2"	"Enterococcus"	68.5127150767842	"Shotgun"
"427"	"17119-05-17-243200086"	"FMT2"	"Residual"	26.9215829701277	"Shotgun"
"428"	"17119-05-17-243200086"	"FMT2"	"Staphylococcus"	0.144338592442686	"Shotgun"
"429"	"17119-05-17-243200086"	"FMT2"	"Streptococcus"	0.306079414952013	"Shotgun"
"430"	"17119-05-17-243200086"	"FMT2"	"Subdoligranulum"	0.0101686475927678	"Shotgun"
"431"	"17119-05-18-243200100"	"FMT1"	"Bacteroides"	0.00331497624958826	"Shotgun"
"432"	"17119-05-18-243200100"	"FMT1"	"Clostridium"	0.414167332836637	"Shotgun"
"433"	"17119-05-18-243200100"	"FMT1"	"Enterobacteriaceae"	3.03038866589719	"Shotgun"
"434"	"17119-05-18-243200100"	"FMT1"	"Enterococcus"	77.7542463111507	"Shotgun"
"435"	"17119-05-18-243200100"	"FMT1"	"Residual"	9.3876374585038	"Shotgun"
"436"	"17119-05-18-243200100"	"FMT1"	"Staphylococcus"	0.162848919019224	"Shotgun"
"437"	"17119-05-18-243200100"	"FMT1"	"Streptococcus"	9.24180124778435	"Shotgun"
"438"	"17119-05-18-243200100"	"FMT1"	"Subdoligranulum"	0.00559508855848173	"Shotgun"
"439"	"17119-05-19-243200062"	"FMT2"	"Bacteroides"	0.0195474660136194	"Shotgun"
"440"	"17119-05-19-243200062"	"FMT2"	"Clostridium"	0.846860896018609	"Shotgun"
"441"	"17119-05-19-243200062"	"FMT2"	"Enterobacteriaceae"	8.40074922854697	"Shotgun"
"442"	"17119-05-19-243200062"	"FMT2"	"Enterococcus"	1.30243653249929	"Shotgun"
"443"	"17119-05-19-243200062"	"FMT2"	"Residual"	78.9017333556266	"Shotgun"
"444"	"17119-05-19-243200062"	"FMT2"	"Staphylococcus"	0.08036647054579	"Shotgun"
"445"	"17119-05-19-243200062"	"FMT2"	"Streptococcus"	10.1188896059481	"Shotgun"
"446"	"17119-05-19-243200062"	"FMT2"	"Subdoligranulum"	0.329416444800944	"Shotgun"
"447"	"17119-05-20-243200063"	"FMT1"	"Bacteroides"	0.00204390175184391	"Shotgun"
"448"	"17119-05-20-243200063"	"FMT1"	"Clostridium"	0.0208530386425306	"Shotgun"
"449"	"17119-05-20-243200063"	"FMT1"	"Enterobacteriaceae"	0.108683165460869	"Shotgun"
"450"	"17119-05-20-243200063"	"FMT1"	"Enterococcus"	93.6608282351087	"Shotgun"
"451"	"17119-05-20-243200063"	"FMT1"	"Residual"	5.5431558849277	"Shotgun"
"452"	"17119-05-20-243200063"	"FMT1"	"Staphylococcus"	0.163150526760648	"Shotgun"
"453"	"17119-05-20-243200063"	"FMT1"	"Streptococcus"	0.496599995639676	"Shotgun"
"454"	"17119-05-20-243200063"	"FMT1"	"Subdoligranulum"	0.00468525170807297	"Shotgun"
"455"	"17119-05-21-243200075"	"FMT2"	"Bacteroides"	0.569889020656373	"Shotgun"
"456"	"17119-05-21-243200075"	"FMT2"	"Clostridium"	0.200744482923435	"Shotgun"
"457"	"17119-05-21-243200075"	"FMT2"	"Enterobacteriaceae"	0.774737065377936	"Shotgun"
"458"	"17119-05-21-243200075"	"FMT2"	"Enterococcus"	50.8378884611198	"Shotgun"
"459"	"17119-05-21-243200075"	"FMT2"	"Residual"	45.8085334172675	"Shotgun"
"460"	"17119-05-21-243200075"	"FMT2"	"Staphylococcus"	0.22937040195488	"Shotgun"
"461"	"17119-05-21-243200075"	"FMT2"	"Streptococcus"	0.709635652669029	"Shotgun"
"462"	"17119-05-21-243200075"	"FMT2"	"Subdoligranulum"	0.869201498031088	"Shotgun"
"463"	"17119-05-22-243200094"	"FMT1"	"Bacteroides"	0.000593927523024365	"Shotgun"
"464"	"17119-05-22-243200094"	"FMT1"	"Clostridium"	0.0279910842479892	"Shotgun"
"465"	"17119-05-22-243200094"	"FMT1"	"Enterobacteriaceae"	0.241733001321849	"Shotgun"
"466"	"17119-05-22-243200094"	"FMT1"	"Enterococcus"	97.8219192911889	"Shotgun"
"467"	"17119-05-22-243200094"	"FMT1"	"Residual"	1.51075814218391	"Shotgun"
"468"	"17119-05-22-243200094"	"FMT1"	"Staphylococcus"	0.167901510978615	"Shotgun"
"469"	"17119-05-22-243200094"	"FMT1"	"Streptococcus"	0.226038916471023	"Shotgun"
"470"	"17119-05-22-243200094"	"FMT1"	"Subdoligranulum"	0.00306412608469389	"Shotgun"
"471"	"17119-05-23-243200073"	"FMT2"	"Bacteroides"	0.107933040004764	"Shotgun"
"472"	"17119-05-23-243200073"	"FMT2"	"Clostridium"	1.32982990005979	"Shotgun"
"473"	"17119-05-23-243200073"	"FMT2"	"Enterobacteriaceae"	8.24465800044715	"Shotgun"
"474"	"17119-05-23-243200073"	"FMT2"	"Enterococcus"	6.11733698625147	"Shotgun"
"475"	"17119-05-23-243200073"	"FMT2"	"Residual"	60.8149195829964	"Shotgun"
"476"	"17119-05-23-243200073"	"FMT2"	"Staphylococcus"	0.0635547205375116	"Shotgun"
"477"	"17119-05-23-243200073"	"FMT2"	"Streptococcus"	12.39913689047	"Shotgun"
"478"	"17119-05-23-243200073"	"FMT2"	"Subdoligranulum"	10.922630879233	"Shotgun"
"479"	"17119-05-24-243200088"	"CON"	"Bacteroides"	0.0130956224542793	"Shotgun"
"480"	"17119-05-24-243200088"	"CON"	"Clostridium"	1.76391739963004	"Shotgun"
"481"	"17119-05-24-243200088"	"CON"	"Enterobacteriaceae"	51.1070867275636	"Shotgun"
"482"	"17119-05-24-243200088"	"CON"	"Enterococcus"	38.6153981491418	"Shotgun"
"483"	"17119-05-24-243200088"	"CON"	"Residual"	6.62302277978153	"Shotgun"
"484"	"17119-05-24-243200088"	"CON"	"Staphylococcus"	1.13259478935469	"Shotgun"
"485"	"17119-05-24-243200088"	"CON"	"Streptococcus"	0.735903360754308	"Shotgun"
"486"	"17119-05-24-243200088"	"CON"	"Subdoligranulum"	0.00898117131975779	"Shotgun"
"487"	"17119-05-25-243200085"	"FMT1"	"Bacteroides"	0.00505663069013896	"Shotgun"
"488"	"17119-05-25-243200085"	"FMT1"	"Clostridium"	0.0222322004812912	"Shotgun"
"489"	"17119-05-25-243200085"	"FMT1"	"Enterobacteriaceae"	4.02569447372803	"Shotgun"
"490"	"17119-05-25-243200085"	"FMT1"	"Enterococcus"	89.1324876550313	"Shotgun"
"491"	"17119-05-25-243200085"	"FMT1"	"Residual"	6.26910530871177	"Shotgun"
"492"	"17119-05-25-243200085"	"FMT1"	"Staphylococcus"	0.166958152539429	"Shotgun"
"493"	"17119-05-25-243200085"	"FMT1"	"Streptococcus"	0.378443243876831	"Shotgun"
"494"	"17119-05-25-243200085"	"FMT1"	"Subdoligranulum"	2.23349412108611e-05	"Shotgun"
"495"	"17119-05-26-243200098"	"FMT2"	"Bacteroides"	0.0971352432428943	"Shotgun"
"496"	"17119-05-26-243200098"	"FMT2"	"Clostridium"	0.0171529839064532	"Shotgun"
"497"	"17119-05-26-243200098"	"FMT2"	"Enterobacteriaceae"	19.8512134979661	"Shotgun"
"498"	"17119-05-26-243200098"	"FMT2"	"Enterococcus"	3.61248834054328	"Shotgun"
"499"	"17119-05-26-243200098"	"FMT2"	"Residual"	73.8288970019462	"Shotgun"
"500"	"17119-05-26-243200098"	"FMT2"	"Staphylococcus"	0.102991867697038	"Shotgun"
"501"	"17119-05-26-243200098"	"FMT2"	"Streptococcus"	2.49003365239273	"Shotgun"
"502"	"17119-05-26-243200098"	"FMT2"	"Subdoligranulum"	8.7412305285728e-05	"Shotgun"
"503"	"17119-05-27-243200083"	"CON"	"Bacteroides"	0.0174201286349274	"Shotgun"
"504"	"17119-05-27-243200083"	"CON"	"Clostridium"	0.104309983736195	"Shotgun"
"505"	"17119-05-27-243200083"	"CON"	"Enterobacteriaceae"	64.0501844245079	"Shotgun"
"506"	"17119-05-27-243200083"	"CON"	"Enterococcus"	3.66619179124995	"Shotgun"
"507"	"17119-05-27-243200083"	"CON"	"Residual"	11.6645301789802	"Shotgun"
"508"	"17119-05-27-243200083"	"CON"	"Staphylococcus"	0.590251774308608	"Shotgun"
"509"	"17119-05-27-243200083"	"CON"	"Streptococcus"	19.9069460993818	"Shotgun"
"510"	"17119-05-27-243200083"	"CON"	"Subdoligranulum"	0.000165619200504928	"Shotgun"
"511"	"17119-05-28-243200078"	"FMT1"	"Bacteroides"	0.0112094597194771	"Shotgun"
"512"	"17119-05-28-243200078"	"FMT1"	"Clostridium"	0.25043508511924	"Shotgun"
"513"	"17119-05-28-243200078"	"FMT1"	"Enterobacteriaceae"	26.2768471483715	"Shotgun"
"514"	"17119-05-28-243200078"	"FMT1"	"Enterococcus"	11.1122259064879	"Shotgun"
"515"	"17119-05-28-243200078"	"FMT1"	"Residual"	15.5863492200191	"Shotgun"
"516"	"17119-05-28-243200078"	"FMT1"	"Staphylococcus"	0.152908527455432	"Shotgun"
"517"	"17119-05-28-243200078"	"FMT1"	"Streptococcus"	46.6077039859529	"Shotgun"
"518"	"17119-05-28-243200078"	"FMT1"	"Subdoligranulum"	0.00232066687449764	"Shotgun"
"519"	"17119-05-30-243200082"	"CON"	"Bacteroides"	0.00138093614286636	"Shotgun"
"520"	"17119-05-30-243200082"	"CON"	"Clostridium"	0.160693813112571	"Shotgun"
"521"	"17119-05-30-243200082"	"CON"	"Enterobacteriaceae"	5.42964844878288	"Shotgun"
"522"	"17119-05-30-243200082"	"CON"	"Enterococcus"	91.491917698323	"Shotgun"
"523"	"17119-05-30-243200082"	"CON"	"Residual"	1.61514195037166	"Shotgun"
"524"	"17119-05-30-243200082"	"CON"	"Staphylococcus"	0.195164288818127	"Shotgun"
"525"	"17119-05-30-243200082"	"CON"	"Streptococcus"	1.10520120696706	"Shotgun"
"526"	"17119-05-30-243200082"	"CON"	"Subdoligranulum"	0.000851657481837442	"Shotgun"
"527"	"17119-05-31-243200080"	"FMT1"	"Bacteroides"	1.00374662917673	"Shotgun"
"528"	"17119-05-31-243200080"	"FMT1"	"Clostridium"	0.768189045149522	"Shotgun"
"529"	"17119-05-31-243200080"	"FMT1"	"Enterobacteriaceae"	5.32184514195492	"Shotgun"
"530"	"17119-05-31-243200080"	"FMT1"	"Enterococcus"	3.57996605725808	"Shotgun"
"531"	"17119-05-31-243200080"	"FMT1"	"Residual"	47.5774294166751	"Shotgun"
"532"	"17119-05-31-243200080"	"FMT1"	"Staphylococcus"	0.359922340015466	"Shotgun"
"533"	"17119-05-31-243200080"	"FMT1"	"Streptococcus"	41.3819803926669	"Shotgun"
"534"	"17119-05-31-243200080"	"FMT1"	"Subdoligranulum"	0.00692097710323213	"Shotgun"
"535"	"17119-05-32-243200092"	"FMT2"	"Bacteroides"	0.0248718839828075	"Shotgun"
"536"	"17119-05-32-243200092"	"FMT2"	"Clostridium"	0.233432059149111	"Shotgun"
"537"	"17119-05-32-243200092"	"FMT2"	"Enterobacteriaceae"	8.76079788824237	"Shotgun"
"538"	"17119-05-32-243200092"	"FMT2"	"Enterococcus"	0.640127767855712	"Shotgun"
"539"	"17119-05-32-243200092"	"FMT2"	"Residual"	72.5312040007638	"Shotgun"
"540"	"17119-05-32-243200092"	"FMT2"	"Staphylococcus"	0.0839403636871033	"Shotgun"
"541"	"17119-05-32-243200092"	"FMT2"	"Streptococcus"	17.7252534070104	"Shotgun"
"542"	"17119-05-32-243200092"	"FMT2"	"Subdoligranulum"	0.000372629308767694	"Shotgun"
"543"	"17119-05-33-243200064"	"CON"	"Bacteroides"	0.0470451220749287	"Shotgun"
"544"	"17119-05-33-243200064"	"CON"	"Clostridium"	14.2613648121299	"Shotgun"
"545"	"17119-05-33-243200064"	"CON"	"Enterobacteriaceae"	21.4299792471825	"Shotgun"
"546"	"17119-05-33-243200064"	"CON"	"Enterococcus"	3.8999624767759	"Shotgun"
"547"	"17119-05-33-243200064"	"CON"	"Residual"	14.0571360185761	"Shotgun"
"548"	"17119-05-33-243200064"	"CON"	"Staphylococcus"	1.70492622193229	"Shotgun"
"549"	"17119-05-33-243200064"	"CON"	"Streptococcus"	44.5913231777034	"Shotgun"
"550"	"17119-05-33-243200064"	"CON"	"Subdoligranulum"	0.00826292362497209	"Shotgun"
"551"	"17119-05-34-243200097"	"FMT1"	"Bacteroides"	1.93717055511733	"Shotgun"
"552"	"17119-05-34-243200097"	"FMT1"	"Clostridium"	0.0643093699177315	"Shotgun"
"553"	"17119-05-34-243200097"	"FMT1"	"Enterobacteriaceae"	63.5050568678963	"Shotgun"
"554"	"17119-05-34-243200097"	"FMT1"	"Enterococcus"	27.5309345631923	"Shotgun"
"555"	"17119-05-34-243200097"	"FMT1"	"Residual"	5.4770329657212	"Shotgun"
"556"	"17119-05-34-243200097"	"FMT1"	"Staphylococcus"	0.166803714548722	"Shotgun"
"557"	"17119-05-34-243200097"	"FMT1"	"Streptococcus"	1.31181098451238	"Shotgun"
"558"	"17119-05-34-243200097"	"FMT1"	"Subdoligranulum"	0.00688097909403506	"Shotgun"
"559"	"17119-05-35-243200067"	"FMT2"	"Bacteroides"	0.0253887823249956	"Shotgun"
"560"	"17119-05-35-243200067"	"FMT2"	"Clostridium"	0.100799389198595	"Shotgun"
"561"	"17119-05-35-243200067"	"FMT2"	"Enterobacteriaceae"	0.837140459199941	"Shotgun"
"562"	"17119-05-35-243200067"	"FMT2"	"Enterococcus"	1.66468608292348	"Shotgun"
"563"	"17119-05-35-243200067"	"FMT2"	"Residual"	3.73376971536989	"Shotgun"
"564"	"17119-05-35-243200067"	"FMT2"	"Staphylococcus"	0.0732455136101643	"Shotgun"
"565"	"17119-05-35-243200067"	"FMT2"	"Streptococcus"	93.5605581692135	"Shotgun"
"566"	"17119-05-35-243200067"	"FMT2"	"Subdoligranulum"	0.00441188815945217	"Shotgun"
"567"	"17119-05-36-243200079"	"FMT1"	"Bacteroides"	12.6854853003988	"Shotgun"
"568"	"17119-05-36-243200079"	"FMT1"	"Clostridium"	1.03886916414002	"Shotgun"
"569"	"17119-05-36-243200079"	"FMT1"	"Enterobacteriaceae"	12.9440430520949	"Shotgun"
"570"	"17119-05-36-243200079"	"FMT1"	"Enterococcus"	4.78493863811519	"Shotgun"
"571"	"17119-05-36-243200079"	"FMT1"	"Residual"	34.0971248890239	"Shotgun"
"572"	"17119-05-36-243200079"	"FMT1"	"Staphylococcus"	0.137551818134258	"Shotgun"
"573"	"17119-05-36-243200079"	"FMT1"	"Streptococcus"	34.2754753135246	"Shotgun"
"574"	"17119-05-36-243200079"	"FMT1"	"Subdoligranulum"	0.0365118245683351	"Shotgun"
"575"	"17119-05-37-243200074"	"FMT2"	"Bacteroides"	1.84591761517077	"Shotgun"
"576"	"17119-05-37-243200074"	"FMT2"	"Clostridium"	0.383536491575376	"Shotgun"
"577"	"17119-05-37-243200074"	"FMT2"	"Enterobacteriaceae"	15.8021100800075	"Shotgun"
"578"	"17119-05-37-243200074"	"FMT2"	"Enterococcus"	2.39310336230995	"Shotgun"
"579"	"17119-05-37-243200074"	"FMT2"	"Residual"	34.2560218629839	"Shotgun"
"580"	"17119-05-37-243200074"	"FMT2"	"Staphylococcus"	0.0911764460283	"Shotgun"
"581"	"17119-05-37-243200074"	"FMT2"	"Streptococcus"	41.6731967025931	"Shotgun"
"582"	"17119-05-37-243200074"	"FMT2"	"Subdoligranulum"	3.55493743933118	"Shotgun"
"583"	"17119-05-38-243200077"	"CON"	"Bacteroides"	0.0235219245030559	"Shotgun"
"584"	"17119-05-38-243200077"	"CON"	"Clostridium"	0.209861774144168	"Shotgun"
"585"	"17119-05-38-243200077"	"CON"	"Enterobacteriaceae"	3.097877853247	"Shotgun"
"586"	"17119-05-38-243200077"	"CON"	"Enterococcus"	75.130515143612	"Shotgun"
"587"	"17119-05-38-243200077"	"CON"	"Residual"	9.73838857453877	"Shotgun"
"588"	"17119-05-38-243200077"	"CON"	"Staphylococcus"	8.24664924196895	"Shotgun"
"589"	"17119-05-38-243200077"	"CON"	"Streptococcus"	3.54862851376022	"Shotgun"
"590"	"17119-05-38-243200077"	"CON"	"Subdoligranulum"	0.00455697422581047	"Shotgun"
"591"	"17119-05-39-243200084"	"DONOR2"	"Bacteroides"	9.7804806281912	"Shotgun"
"592"	"17119-05-39-243200084"	"DONOR2"	"Clostridium"	6.513976755105	"Shotgun"
"593"	"17119-05-39-243200084"	"DONOR2"	"Enterobacteriaceae"	2.26971929957449	"Shotgun"
"594"	"17119-05-39-243200084"	"DONOR2"	"Enterococcus"	0.239284989051865	"Shotgun"
"595"	"17119-05-39-243200084"	"DONOR2"	"Residual"	75.0926294318017	"Shotgun"
"596"	"17119-05-39-243200084"	"DONOR2"	"Staphylococcus"	0.0680375646724965	"Shotgun"
"597"	"17119-05-39-243200084"	"DONOR2"	"Streptococcus"	2.63628437576105	"Shotgun"
"598"	"17119-05-39-243200084"	"DONOR2"	"Subdoligranulum"	3.3995869558422	"Shotgun"
"599"	"17119-05-40-243200090"	"DONOR1"	"Bacteroides"	6.39783567099553	"Shotgun"
"600"	"17119-05-40-243200090"	"DONOR1"	"Clostridium"	6.84839861734304	"Shotgun"
"601"	"17119-05-40-243200090"	"DONOR1"	"Enterobacteriaceae"	2.974414645072	"Shotgun"
"602"	"17119-05-40-243200090"	"DONOR1"	"Enterococcus"	0.221634841911003	"Shotgun"
"603"	"17119-05-40-243200090"	"DONOR1"	"Residual"	80.0876358927182	"Shotgun"
"604"	"17119-05-40-243200090"	"DONOR1"	"Staphylococcus"	0.0909335520391542	"Shotgun"
"605"	"17119-05-40-243200090"	"DONOR1"	"Streptococcus"	3.03792628319211	"Shotgun"
"606"	"17119-05-40-243200090"	"DONOR1"	"Subdoligranulum"	0.341220496728922	"Shotgun"
"607"	"17119D-05-29-243200065"	"FMT2"	"Bacteroides"	1.12997271607111	"Shotgun"
"608"	"17119D-05-29-243200065"	"FMT2"	"Clostridium"	0.170493995579808	"Shotgun"
"609"	"17119D-05-29-243200065"	"FMT2"	"Enterobacteriaceae"	8.31398888106554	"Shotgun"
"610"	"17119D-05-29-243200065"	"FMT2"	"Enterococcus"	56.5824617633828	"Shotgun"
"611"	"17119D-05-29-243200065"	"FMT2"	"Residual"	12.7178619276731	"Shotgun"
"612"	"17119D-05-29-243200065"	"FMT2"	"Staphylococcus"	0.294121242347787	"Shotgun"
"613"	"17119D-05-29-243200065"	"FMT2"	"Streptococcus"	20.7905616186509	"Shotgun"
"614"	"17119D-05-29-243200065"	"FMT2"	"Subdoligranulum"	0.000537855228930744	"Shotgun"
